County,year,total_medicaid_payments,total_medicaid_recipients
ADAIR,2011,18226353.0,23985.0
ADAIR,2012,15051646.0,23355.0
ADAIR,2013,14457866.0,22595.0
ADAIR,2014,16707055.0,26461.0
ADAIR,2015,19186761.0,26177.0
ADAIR,2016,11600362.0,23881.0
ADAIR,2017,19797830.0,28198.0
ADAIR,2018,24436210.0,36586.0
ADAIR,2019,26267348.0,32988.0
ADAIR,2020,24986590.0,30066.0
ADAIR,2021,28240480.0,38726.0
ADAIR,2022,29964966.0,40402.0
ADAIR,2023,34745143.0,42795.0
ADAIR,2024,68871821.0,47873.0
ADAMS,2011,14301871.0,15325.0
ADAMS,2012,15155058.0,14865.0
ADAMS,2013,13563678.0,14273.0
ADAMS,2014,14232158.0,17265.0
ADAMS,2015,14821361.0,16465.0
ADAMS,2016,8187581.0,14418.0
ADAMS,2017,11481088.0,16332.0
ADAMS,2018,14688916.0,21528.0
ADAMS,2019,15076570.0,17952.0
ADAMS,2020,14728104.0,15818.0
ADAMS,2021,16476704.0,20616.0
ADAMS,2022,17399804.0,22302.0
ADAMS,2023,18806380.0,23644.0
ADAMS,2024,19069210.0,21952.0
ALLAMAKEE,2011,35676559.0,52461.0
ALLAMAKEE,2012,35653298.0,52723.0
ALLAMAKEE,2013,34460093.0,51563.0
ALLAMAKEE,2014,35509711.0,58669.0
ALLAMAKEE,2015,37362850.0,55635.0
ALLAMAKEE,2016,20462000.0,49192.0
ALLAMAKEE,2017,35252833.0,59540.0
ALLAMAKEE,2018,40634911.0,74467.0
ALLAMAKEE,2019,44205169.0,63092.0
ALLAMAKEE,2020,40954371.0,55944.0
ALLAMAKEE,2021,45933679.0,69444.0
ALLAMAKEE,2022,47864638.0,73176.0
ALLAMAKEE,2023,49466594.0,76472.0
ALLAMAKEE,2024,45576146.0,71334.0
APPANOOSE,2011,44056137.0,63731.0
APPANOOSE,2012,41907367.0,62868.0
APPANOOSE,2013,40363533.0,61659.0
APPANOOSE,2014,46981792.0,73860.0
APPANOOSE,2015,53122067.0,80052.0
APPANOOSE,2016,28731262.0,67333.0
APPANOOSE,2017,51241306.0,75825.0
APPANOOSE,2018,62318950.0,94652.0
APPANOOSE,2019,65940454.0,84940.0
APPANOOSE,2020,62154016.0,76754.0
APPANOOSE,2021,67763080.0,93298.0
APPANOOSE,2022,69144296.0,94428.0
APPANOOSE,2023,71825966.0,95156.0
APPANOOSE,2024,67891708.0,86894.0
AUDUBON,2011,11626921.0,16321.0
AUDUBON,2012,12642552.0,16768.0
AUDUBON,2013,11723560.0,17667.0
AUDUBON,2014,13451550.0,21140.0
AUDUBON,2015,16585204.0,23825.0
AUDUBON,2016,9746564.0,21043.0
AUDUBON,2017,14184001.0,24206.0
AUDUBON,2018,16918434.0,30592.0
AUDUBON,2019,17852296.0,26286.0
AUDUBON,2020,17657127.0,23740.0
AUDUBON,2021,21332848.0,30130.0
AUDUBON,2022,22970157.0,32570.0
AUDUBON,2023,23003936.0,33452.0
AUDUBON,2024,21083041.0,30096.0
BENTON,2011,45360391.0,70327.0
BENTON,2012,41634033.0,67568.0
BENTON,2013,45817554.0,68036.0
BENTON,2014,57636609.0,83325.0
BENTON,2015,68117079.0,87934.0
BENTON,2016,35291753.0,77490.0
BENTON,2017,58012665.0,88704.0
BENTON,2018,69460099.0,111422.0
BENTON,2019,72466731.0,95501.0
BENTON,2020,66679680.0,86176.0
BENTON,2021,77286424.0,109535.0
BENTON,2022,82318376.0,116796.0
BENTON,2023,84708512.0,121544.0
BENTON,2024,83504951.0,112179.0
BLACK HAWK,2011,328159619.0,514658.0
BLACK HAWK,2012,309044982.0,502218.0
BLACK HAWK,2013,311056316.0,513304.0
BLACK HAWK,2014,384165303.0,655641.0
BLACK HAWK,2015,428187599.0,691950.0
BLACK HAWK,2016,240196059.0,590823.0
BLACK HAWK,2017,402788636.0,691273.0
BLACK HAWK,2018,495695902.0,821456.0
BLACK HAWK,2019,511319526.0,704471.0
BLACK HAWK,2020,490857287.0,650093.0
BLACK HAWK,2021,562458976.0,824040.0
BLACK HAWK,2022,591663631.0,877311.0
BLACK HAWK,2023,650009129.0,987547.0
BLACK HAWK,2024,642384889.0,1002611.0
BOONE,2011,157329307.0,83661.0
BOONE,2012,151040329.0,81936.0
BOONE,2013,169101631.0,83145.0
BOONE,2014,154887526.0,97477.0
BOONE,2015,165072145.0,100301.0
BOONE,2016,81172565.0,87081.0
BOONE,2017,77577897.0,99065.0
BOONE,2018,96597102.0,125338.0
BOONE,2019,96130370.0,104382.0
BOONE,2020,90295092.0,94040.0
BOONE,2021,102146452.0,119036.0
BOONE,2022,105328156.0,123948.0
BOONE,2023,107287789.0,126326.0
BOONE,2024,100270444.0,111010.0
BREMER,2011,34443336.0,44750.0
BREMER,2012,33419297.0,43700.0
BREMER,2013,28086835.0,44435.0
BREMER,2014,35130097.0,55048.0
BREMER,2015,38967295.0,57283.0
BREMER,2016,22376222.0,52489.0
BREMER,2017,39127091.0,60907.0
BREMER,2018,51288540.0,78852.0
BREMER,2019,50744454.0,67164.0
BREMER,2020,49544490.0,60180.0
BREMER,2021,58097586.0,80512.0
BREMER,2022,62499276.0,87770.0
BREMER,2023,67347890.0,92082.0
BREMER,2024,60523266.0,81856.0
BUCHANAN,2011,43171160.0,61232.0
BUCHANAN,2012,42709349.0,59546.0
BUCHANAN,2013,40949531.0,58592.0
BUCHANAN,2014,51160614.0,72841.0
BUCHANAN,2015,53440882.0,81987.0
BUCHANAN,2016,36173642.0,70995.0
BUCHANAN,2017,50760379.0,79326.0
BUCHANAN,2018,60842006.0,98034.0
BUCHANAN,2019,60536134.0,78909.0
BUCHANAN,2020,58335493.0,71739.0
BUCHANAN,2021,67566138.0,92029.0
BUCHANAN,2022,71376480.0,96393.0
BUCHANAN,2023,71647700.0,97624.0
BUCHANAN,2024,66623936.0,87514.0
BUENA VISTA,2011,44052568.0,86868.0
BUENA VISTA,2012,43400014.0,85024.0
BUENA VISTA,2013,46371261.0,89688.0
BUENA VISTA,2014,56144916.0,105646.0
BUENA VISTA,2015,62569606.0,102805.0
BUENA VISTA,2016,34018460.0,87575.0
BUENA VISTA,2017,54664079.0,102856.0
BUENA VISTA,2018,67058533.0,130489.0
BUENA VISTA,2019,64547493.0,106458.0
BUENA VISTA,2020,62032218.0,96916.0
BUENA VISTA,2021,75024594.0,127739.0
BUENA VISTA,2022,79353569.0,138758.0
BUENA VISTA,2023,84613879.0,150226.0
BUENA VISTA,2024,82340139.0,144017.0
BUTLER,2011,31752929.0,45523.0
BUTLER,2012,29947647.0,43953.0
BUTLER,2013,31143787.0,43554.0
BUTLER,2014,37452412.0,53577.0
BUTLER,2015,42704269.0,63051.0
BUTLER,2016,24867748.0,54116.0
BUTLER,2017,37930233.0,58450.0
BUTLER,2018,43918618.0,71043.0
BUTLER,2019,43167892.0,57574.0
BUTLER,2020,39673282.0,50938.0
BUTLER,2021,46287960.0,65442.0
BUTLER,2022,47901072.0,67474.0
BUTLER,2023,48396918.0,67910.0
BUTLER,2024,46869938.0,60822.0
CALHOUN,2011,26597164.0,31345.0
CALHOUN,2012,24340048.0,30223.0
CALHOUN,2013,23562666.0,29704.0
CALHOUN,2014,26808848.0,35578.0
CALHOUN,2015,29958471.0,36656.0
CALHOUN,2016,16323240.0,32784.0
CALHOUN,2017,24348208.0,38868.0
CALHOUN,2018,31752798.0,49502.0
CALHOUN,2019,32750466.0,43560.0
CALHOUN,2020,30478758.0,39368.0
CALHOUN,2021,34504244.0,48692.0
CALHOUN,2022,36363011.0,51334.0
CALHOUN,2023,40603809.0,54782.0
CALHOUN,2024,46490043.0,51115.0
CARROLL,2011,64149472.0,62918.0
CARROLL,2012,63925059.0,63440.0
CARROLL,2013,70699412.0,64784.0
CARROLL,2014,84967719.0,87484.0
CARROLL,2015,102401482.0,131349.0
CARROLL,2016,50223048.0,102126.0
CARROLL,2017,70226040.0,92701.0
CARROLL,2018,79896680.0,113965.0
CARROLL,2019,84596807.0,91175.0
CARROLL,2020,79193726.0,80012.0
CARROLL,2021,89241392.0,99548.0
CARROLL,2022,94400830.0,104424.0
CARROLL,2023,97471080.0,106224.0
CARROLL,2024,94283300.0,95528.0
CASS,2011,45800143.0,58714.0
CASS,2012,43696575.0,57115.0
CASS,2013,44046774.0,56777.0
CASS,2014,47874863.0,66068.0
CASS,2015,52199899.0,66439.0
CASS,2016,28287280.0,56417.0
CASS,2017,46865290.0,67522.0
CASS,2018,55687119.0,83551.0
CASS,2019,62553232.0,75032.0
CASS,2020,58873038.0,67608.0
CASS,2021,66609779.0,82717.0
CASS,2022,69704765.0,88359.0
CASS,2023,73295104.0,91764.0
CASS,2024,67983454.0,84651.0
CEDAR,2011,24491582.0,45010.0
CEDAR,2012,25674222.0,41859.0
CEDAR,2013,21978734.0,41524.0
CEDAR,2014,25713521.0,52349.0
CEDAR,2015,30111833.0,55230.0
CEDAR,2016,17443509.0,48464.0
CEDAR,2017,31938294.0,55741.0
CEDAR,2018,39928288.0,70552.0
CEDAR,2019,41068649.0,59924.0
CEDAR,2020,40806765.0,55262.0
CEDAR,2021,47701534.0,71635.0
CEDAR,2022,49542629.0,74045.0
CEDAR,2023,51941291.0,75700.0
CEDAR,2024,51705370.0,68264.0
CERRO GORDO,2011,121773488.0,170928.0
CERRO GORDO,2012,118656370.0,171899.0
CERRO GORDO,2013,118752955.0,173069.0
CERRO GORDO,2014,146828568.0,208971.0
CERRO GORDO,2015,166962222.0,228557.0
CERRO GORDO,2016,90553321.0,195738.0
CERRO GORDO,2017,146447868.0,215127.0
CERRO GORDO,2018,180827570.0,261827.0
CERRO GORDO,2019,187059766.0,225579.0
CERRO GORDO,2020,172898803.0,201598.0
CERRO GORDO,2021,199368512.0,253898.0
CERRO GORDO,2022,205715176.0,267272.0
CERRO GORDO,2023,207485604.0,270682.0
CERRO GORDO,2024,191688215.0,242927.0
CHEROKEE,2011,25587307.0,36795.0
CHEROKEE,2012,24046506.0,35478.0
CHEROKEE,2013,23191894.0,34093.0
CHEROKEE,2014,26444058.0,41463.0
CHEROKEE,2015,30179469.0,44032.0
CHEROKEE,2016,18540435.0,39146.0
CHEROKEE,2017,28919461.0,45503.0
CHEROKEE,2018,37207001.0,56541.0
CHEROKEE,2019,37188080.0,47512.0
CHEROKEE,2020,35250180.0,42736.0
CHEROKEE,2021,42180072.0,53814.0
CHEROKEE,2022,44503054.0,58230.0
CHEROKEE,2023,44317714.0,60658.0
CHEROKEE,2024,46033493.0,56832.0
CHICKASAW,2011,24836986.0,35025.0
CHICKASAW,2012,23423700.0,33897.0
CHICKASAW,2013,21949744.0,33577.0
CHICKASAW,2014,25396476.0,38297.0
CHICKASAW,2015,27423541.0,38434.0
CHICKASAW,2016,16450158.0,35301.0
CHICKASAW,2017,27070353.0,40502.0
CHICKASAW,2018,31956332.0,51062.0
CHICKASAW,2019,33637962.0,43128.0
CHICKASAW,2020,32644106.0,38607.0
CHICKASAW,2021,38333180.0,50030.0
CHICKASAW,2022,38949274.0,52329.0
CHICKASAW,2023,41311702.0,52896.0
CHICKASAW,2024,40716846.0,47412.0
CLARKE,2011,27593287.0,43100.0
CLARKE,2012,27363277.0,43122.0
CLARKE,2013,30965402.0,43116.0
CLARKE,2014,40309078.0,52958.0
CLARKE,2015,43352987.0,51778.0
CLARKE,2016,28042259.0,44170.0
CLARKE,2017,33904761.0,52816.0
CLARKE,2018,40433330.0,67107.0
CLARKE,2019,40588653.0,56357.0
CLARKE,2020,38960201.0,51627.0
CLARKE,2021,44537038.0,65912.0
CLARKE,2022,44635110.0,67939.0
CLARKE,2023,44245973.0,67840.0
CLARKE,2024,41210493.0,61702.0
CLAY,2011,40250961.0,58375.0
CLAY,2012,33985363.0,57357.0
CLAY,2013,36691884.0,57997.0
CLAY,2014,43092522.0,69112.0
CLAY,2015,46086379.0,69701.0
CLAY,2016,24955679.0,60630.0
CLAY,2017,46307209.0,69379.0
CLAY,2018,56813176.0,88341.0
CLAY,2019,56412094.0,76552.0
CLAY,2020,54637784.0,68762.0
CLAY,2021,63799780.0,88762.0
CLAY,2022,67636318.0,94816.0
CLAY,2023,69519844.0,97818.0
CLAY,2024,65653558.0,87962.0
CLAYTON,2011,39789538.0,48098.0
CLAYTON,2012,43201474.0,47761.0
CLAYTON,2013,42093315.0,45626.0
CLAYTON,2014,47860985.0,55818.0
CLAYTON,2015,51753123.0,55732.0
CLAYTON,2016,30621561.0,50522.0
CLAYTON,2017,46885833.0,59909.0
CLAYTON,2018,53795800.0,73041.0
CLAYTON,2019,59285420.0,64060.0
CLAYTON,2020,57464338.0,58238.0
CLAYTON,2021,63642430.0,74074.0
CLAYTON,2022,67705188.0,77948.0
CLAYTON,2023,70000649.0,79412.0
CLAYTON,2024,69313975.0,73445.0
CLINTON,2011,137402529.0,217158.0
CLINTON,2012,137589524.0,216019.0
CLINTON,2013,144789022.0,218665.0
CLINTON,2014,171304320.0,265989.0
CLINTON,2015,193827790.0,284945.0
CLINTON,2016,106149959.0,239820.0
CLINTON,2017,170230518.0,274625.0
CLINTON,2018,198154646.0,331859.0
CLINTON,2019,203343930.0,288538.0
CLINTON,2020,193295544.0,259373.0
CLINTON,2021,223782148.0,319802.0
CLINTON,2022,236433760.0,334072.0
CLINTON,2023,239561776.0,336721.0
CLINTON,2024,222832660.0,303483.0
CRAWFORD,2011,39259499.0,69794.0
CRAWFORD,2012,35861151.0,69653.0
CRAWFORD,2013,36764265.0,70878.0
CRAWFORD,2014,41432769.0,80459.0
CRAWFORD,2015,45521422.0,77853.0
CRAWFORD,2016,26989023.0,69751.0
CRAWFORD,2017,48044459.0,84749.0
CRAWFORD,2018,56695615.0,106700.0
CRAWFORD,2019,61058078.0,91280.0
CRAWFORD,2020,57457202.0,84124.0
CRAWFORD,2021,64816500.0,104746.0
CRAWFORD,2022,69391976.0,111832.0
CRAWFORD,2023,71713752.0,116450.0
CRAWFORD,2024,66780536.0,105902.0
DALLAS,2011,90789861.0,140333.0
DALLAS,2012,76249012.0,124528.0
DALLAS,2013,83580016.0,126979.0
DALLAS,2014,95288042.0,155080.0
DALLAS,2015,109914682.0,168407.0
DALLAS,2016,63640094.0,155582.0
DALLAS,2017,111191590.0,186578.0
DALLAS,2018,134499909.0,245858.0
DALLAS,2019,147916621.0,223321.0
DALLAS,2020,148058586.0,213375.0
DALLAS,2021,180082562.0,292726.0
DALLAS,2022,200529596.0,328126.0
DALLAS,2023,213781322.0,352960.0
DALLAS,2024,230800644.0,336518.0
DAVIS,2011,18552041.0,26433.0
DAVIS,2012,17442902.0,25797.0
DAVIS,2013,16528620.0,25755.0
DAVIS,2014,18089585.0,30777.0
DAVIS,2015,21843721.0,31776.0
DAVIS,2016,12973130.0,28123.0
DAVIS,2017,18780470.0,32448.0
DAVIS,2018,22736026.0,40962.0
DAVIS,2019,24273874.0,35756.0
DAVIS,2020,23434202.0,32124.0
DAVIS,2021,26189676.0,39898.0
DAVIS,2022,27250060.0,42136.0
DAVIS,2023,28686238.0,43040.0
DAVIS,2024,28463284.0,38520.0
DECATUR,2011,24299317.0,39993.0
DECATUR,2012,22096045.0,38281.0
DECATUR,2013,20664339.0,36202.0
DECATUR,2014,24064441.0,44277.0
DECATUR,2015,27666389.0,45039.0
DECATUR,2016,15099513.0,39965.0
DECATUR,2017,28021705.0,46078.0
DECATUR,2018,32296556.0,56919.0
DECATUR,2019,32799532.0,48394.0
DECATUR,2020,31443564.0,42684.0
DECATUR,2021,36805082.0,54168.0
DECATUR,2022,38305744.0,56038.0
DECATUR,2023,37582056.0,56020.0
DECATUR,2024,35807892.0,50446.0
DELAWARE,2011,32496345.0,46169.0
DELAWARE,2012,31416752.0,43973.0
DELAWARE,2013,31389650.0,43183.0
DELAWARE,2014,35451820.0,50220.0
DELAWARE,2015,39779365.0,53704.0
DELAWARE,2016,23986940.0,47734.0
DELAWARE,2017,36723729.0,55113.0
DELAWARE,2018,43435617.0,68751.0
DELAWARE,2019,46922143.0,57657.0
DELAWARE,2020,43858367.0,51439.0
DELAWARE,2021,50354890.0,65430.0
DELAWARE,2022,51929238.0,68404.0
DELAWARE,2023,50465810.0,69080.0
DELAWARE,2024,51484878.0,61630.0
DES MOINES,2011,111205732.0,191914.0
DES MOINES,2012,103007294.0,193471.0
DES MOINES,2013,104887730.0,196646.0
DES MOINES,2014,124327041.0,238071.0
DES MOINES,2015,147141688.0,241222.0
DES MOINES,2016,79208899.0,208069.0
DES MOINES,2017,133034550.0,235021.0
DES MOINES,2018,164754768.0,295637.0
DES MOINES,2019,174039932.0,260432.0
DES MOINES,2020,166407389.0,234672.0
DES MOINES,2021,190678378.0,288149.0
DES MOINES,2022,199520669.0,300830.0
DES MOINES,2023,202576066.0,303066.0
DES MOINES,2024,192051222.0,273218.0
DICKINSON,2011,27211015.0,41511.0
DICKINSON,2012,26450840.0,40938.0
DICKINSON,2013,29478617.0,41935.0
DICKINSON,2014,31864370.0,50259.0
DICKINSON,2015,35438710.0,52190.0
DICKINSON,2016,22681945.0,46877.0
DICKINSON,2017,34290373.0,53710.0
DICKINSON,2018,42583700.0,67815.0
DICKINSON,2019,43871312.0,57914.0
DICKINSON,2020,41073414.0,52372.0
DICKINSON,2021,47052834.0,66664.0
DICKINSON,2022,49247851.0,70475.0
DICKINSON,2023,52100416.0,73173.0
DICKINSON,2024,50353692.0,66491.0
DUBUQUE,2011,199988184.0,296505.0
DUBUQUE,2012,191956824.0,293544.0
DUBUQUE,2013,201594189.0,299704.0
DUBUQUE,2014,236941618.0,367953.0
DUBUQUE,2015,265040959.0,385984.0
DUBUQUE,2016,150203945.0,333287.0
DUBUQUE,2017,245728370.0,386222.0
DUBUQUE,2018,293656673.0,461830.0
DUBUQUE,2019,321507312.0,417735.0
DUBUQUE,2020,300597061.0,378095.0
DUBUQUE,2021,344867256.0,474431.0
DUBUQUE,2022,369252546.0,498151.0
DUBUQUE,2023,376279123.0,501246.0
DUBUQUE,2024,355548516.0,454184.0
EMMET,2011,23129215.0,35286.0
EMMET,2012,23133810.0,37194.0
EMMET,2013,23151734.0,37495.0
EMMET,2014,25931062.0,43846.0
EMMET,2015,26255912.0,41048.0
EMMET,2016,14622067.0,35343.0
EMMET,2017,24608580.0,41933.0
EMMET,2018,29368408.0,52308.0
EMMET,2019,30214240.0,44472.0
EMMET,2020,28208150.0,39078.0
EMMET,2021,32186258.0,49048.0
EMMET,2022,33646984.0,52262.0
EMMET,2023,35443810.0,54576.0
EMMET,2024,31394310.0,49662.0
FAYETTE,2011,60693760.0,85156.0
FAYETTE,2012,59869324.0,83959.0
FAYETTE,2013,63146362.0,81459.0
FAYETTE,2014,72366051.0,98073.0
FAYETTE,2015,83245624.0,108497.0
FAYETTE,2016,45145957.0,93026.0
FAYETTE,2017,70011344.0,105732.0
FAYETTE,2018,84085447.0,128665.0
FAYETTE,2019,87114513.0,109924.0
FAYETTE,2020,81636562.0,97514.0
FAYETTE,2021,92271430.0,120966.0
FAYETTE,2022,98217892.0,127736.0
FAYETTE,2023,98226049.0,130129.0
FAYETTE,2024,94287216.0,117076.0
FLOYD,2011,45509748.0,62868.0
FLOYD,2012,44396602.0,64335.0
FLOYD,2013,43628794.0,65770.0
FLOYD,2014,56860921.0,80823.0
FLOYD,2015,63317935.0,91213.0
FLOYD,2016,34571181.0,76398.0
FLOYD,2017,54019811.0,83105.0
FLOYD,2018,65738227.0,101629.0
FLOYD,2019,66608103.0,86408.0
FLOYD,2020,61719440.0,76560.0
FLOYD,2021,69984730.0,94932.0
FLOYD,2022,74565013.0,99401.0
FLOYD,2023,79889245.0,101968.0
FLOYD,2024,84356950.0,92400.0
FRANKLIN,2011,24038471.0,39354.0
FRANKLIN,2012,22252927.0,38151.0
FRANKLIN,2013,21482744.0,38457.0
FRANKLIN,2014,24057738.0,43245.0
FRANKLIN,2015,24407805.0,42360.0
FRANKLIN,2016,16319015.0,36707.0
FRANKLIN,2017,25333454.0,44902.0
FRANKLIN,2018,33008190.0,55728.0
FRANKLIN,2019,32456346.0,47614.0
FRANKLIN,2020,31659236.0,42813.0
FRANKLIN,2021,36316684.0,55465.0
FRANKLIN,2022,37575782.0,59586.0
FRANKLIN,2023,38109452.0,61476.0
FRANKLIN,2024,42489446.0,56874.0
FREMONT,2011,18497109.0,26122.0
FREMONT,2012,18712164.0,26655.0
FREMONT,2013,15039749.0,27162.0
FREMONT,2014,16504386.0,31394.0
FREMONT,2015,21207273.0,31574.0
FREMONT,2016,12344152.0,28985.0
FREMONT,2017,20334988.0,35224.0
FREMONT,2018,26621421.0,43925.0
FREMONT,2019,25828642.0,37316.0
FREMONT,2020,23613130.0,32222.0
FREMONT,2021,27058698.0,39470.0
FREMONT,2022,27947824.0,41666.0
FREMONT,2023,30157694.0,43022.0
FREMONT,2024,28533086.0,40078.0
GREENE,2011,23526566.0,35614.0
GREENE,2012,22325767.0,35049.0
GREENE,2013,22140505.0,35405.0
GREENE,2014,24210637.0,42317.0
GREENE,2015,29985804.0,43922.0
GREENE,2016,17392338.0,38140.0
GREENE,2017,26628904.0,43519.0
GREENE,2018,32732090.0,54950.0
GREENE,2019,33827538.0,46992.0
GREENE,2020,32310878.0,41984.0
GREENE,2021,37453060.0,53740.0
GREENE,2022,38954648.0,57218.0
GREENE,2023,38704708.0,58148.0
GREENE,2024,36037226.0,52960.0
GRUNDY,2011,16443450.0,24945.0
GRUNDY,2012,16595042.0,24679.0
GRUNDY,2013,14532424.0,23700.0
GRUNDY,2014,16200223.0,29461.0
GRUNDY,2015,17174911.0,29906.0
GRUNDY,2016,10396154.0,27136.0
GRUNDY,2017,19786056.0,32643.0
GRUNDY,2018,24415690.0,42522.0
GRUNDY,2019,25870046.0,36014.0
GRUNDY,2020,24837780.0,33162.0
GRUNDY,2021,28180984.0,42760.0
GRUNDY,2022,30669632.0,45984.0
GRUNDY,2023,33194058.0,48130.0
GRUNDY,2024,32301074.0,45556.0
GUTHRIE,2011,21324724.0,32026.0
GUTHRIE,2012,20079154.0,30908.0
GUTHRIE,2013,20241250.0,32041.0
GUTHRIE,2014,21732828.0,37505.0
GUTHRIE,2015,25525320.0,39682.0
GUTHRIE,2016,15205104.0,35005.0
GUTHRIE,2017,25195027.0,40160.0
GUTHRIE,2018,30120218.0,51918.0
GUTHRIE,2019,33215740.0,44880.0
GUTHRIE,2020,34165302.0,41576.0
GUTHRIE,2021,41353112.0,53582.0
GUTHRIE,2022,44759796.0,57596.0
GUTHRIE,2023,46022316.0,58964.0
GUTHRIE,2024,43789486.0,52828.0
HAMILTON,2011,29837943.0,50753.0
HAMILTON,2012,31095188.0,51581.0
HAMILTON,2013,29070351.0,52147.0
HAMILTON,2014,35293156.0,63626.0
HAMILTON,2015,38212414.0,62528.0
HAMILTON,2016,20034466.0,52348.0
HAMILTON,2017,33408142.0,57856.0
HAMILTON,2018,41858594.0,72992.0
HAMILTON,2019,42713848.0,62250.0
HAMILTON,2020,39652892.0,56906.0
HAMILTON,2021,45793600.0,71422.0
HAMILTON,2022,48056622.0,76518.0
HAMILTON,2023,49279230.0,78638.0
HAMILTON,2024,50595626.0,70942.0
HANCOCK,2011,18107847.0,31489.0
HANCOCK,2012,17443188.0,30069.0
HANCOCK,2013,17683278.0,30431.0
HANCOCK,2014,19763189.0,35259.0
HANCOCK,2015,22249932.0,35603.0
HANCOCK,2016,14296088.0,31664.0
HANCOCK,2017,21912358.0,35710.0
HANCOCK,2018,27205083.0,45786.0
HANCOCK,2019,27190738.0,38574.0
HANCOCK,2020,24859931.0,33296.0
HANCOCK,2021,30637944.0,44138.0
HANCOCK,2022,31777911.0,47825.0
HANCOCK,2023,32161746.0,49664.0
HANCOCK,2024,29323978.0,44210.0
HARDIN,2011,40851230.0,61589.0
HARDIN,2012,38152238.0,62949.0
HARDIN,2013,38816643.0,63766.0
HARDIN,2014,43864308.0,75798.0
HARDIN,2015,47071887.0,74518.0
HARDIN,2016,27182918.0,66402.0
HARDIN,2017,45213491.0,75392.0
HARDIN,2018,54336968.0,93332.0
HARDIN,2019,55595930.0,79526.0
HARDIN,2020,52644256.0,70092.0
HARDIN,2021,60202492.0,89960.0
HARDIN,2022,63910180.0,94643.0
HARDIN,2023,65251083.0,97050.0
HARDIN,2024,59466622.0,89441.0
HARRISON,2011,46021028.0,54582.0
HARRISON,2012,34361355.0,50967.0
HARRISON,2013,41547171.0,50606.0
HARRISON,2014,52080181.0,60222.0
HARRISON,2015,58439062.0,61304.0
HARRISON,2016,29537602.0,53284.0
HARRISON,2017,43663532.0,64407.0
HARRISON,2018,52347683.0,79405.0
HARRISON,2019,55096480.0,70683.0
HARRISON,2020,51330463.0,64046.0
HARRISON,2021,56996794.0,79874.0
HARRISON,2022,59597346.0,83054.0
HARRISON,2023,63041603.0,85760.0
HARRISON,2024,62476170.0,77642.0
HENRY,2011,49943831.0,82392.0
HENRY,2012,46185022.0,81011.0
HENRY,2013,45514587.0,80269.0
HENRY,2014,54190329.0,97507.0
HENRY,2015,61334265.0,99653.0
HENRY,2016,33396340.0,83640.0
HENRY,2017,55093098.0,97262.0
HENRY,2018,66996468.0,121840.0
HENRY,2019,69080459.0,106311.0
HENRY,2020,66122024.0,96169.0
HENRY,2021,73422402.0,118039.0
HENRY,2022,78957100.0,123711.0
HENRY,2023,78087392.0,123359.0
HENRY,2024,74954050.0,110346.0
HOWARD,2011,20671397.0,31598.0
HOWARD,2012,19086190.0,31279.0
HOWARD,2013,16844248.0,29742.0
HOWARD,2014,18823365.0,35054.0
HOWARD,2015,19715569.0,33392.0
HOWARD,2016,12034535.0,28005.0
HOWARD,2017,19579875.0,31698.0
HOWARD,2018,23261567.0,39754.0
HOWARD,2019,23399868.0,34289.0
HOWARD,2020,23410311.0,32318.0
HOWARD,2021,28930750.0,42380.0
HOWARD,2022,31115430.0,45180.0
HOWARD,2023,32484232.0,46750.0
HOWARD,2024,30486768.0,42416.0
HUMBOLDT,2011,21913170.0,31927.0
HUMBOLDT,2012,21430928.0,32236.0
HUMBOLDT,2013,21032287.0,31351.0
HUMBOLDT,2014,23342595.0,36188.0
HUMBOLDT,2015,26590980.0,36913.0
HUMBOLDT,2016,16358815.0,31924.0
HUMBOLDT,2017,25067486.0,36038.0
HUMBOLDT,2018,30034320.0,45210.0
HUMBOLDT,2019,30457078.0,37776.0
HUMBOLDT,2020,29274381.0,35011.0
HUMBOLDT,2021,34157368.0,43834.0
HUMBOLDT,2022,34924272.0,47050.0
HUMBOLDT,2023,35836974.0,48670.0
HUMBOLDT,2024,31385532.0,43996.0
IDA,2011,14897040.0,21270.0
IDA,2012,13867265.0,20978.0
IDA,2013,14084602.0,20726.0
IDA,2014,16717178.0,24412.0
IDA,2015,17990622.0,25907.0
IDA,2016,11917543.0,23884.0
IDA,2017,16803859.0,26138.0
IDA,2018,21989861.0,34683.0
IDA,2019,21741309.0,29873.0
IDA,2020,21484228.0,27492.0
IDA,2021,23951914.0,35680.0
IDA,2022,25181486.0,37204.0
IDA,2023,25473647.0,37989.0
IDA,2024,24287646.0,33140.0
IOWA,2011,23224344.0,39245.0
IOWA,2012,23132444.0,39235.0
IOWA,2013,20138874.0,38310.0
IOWA,2014,32600337.0,67238.0
IOWA,2015,36087933.0,71834.0
IOWA,2016,19304079.0,58191.0
IOWA,2017,32170552.0,57118.0
IOWA,2018,38218110.0,72682.0
IOWA,2019,41241878.0,59018.0
IOWA,2020,38268842.0,52232.0
IOWA,2021,44204408.0,66476.0
IOWA,2022,47049322.0,69768.0
IOWA,2023,49394016.0,71408.0
IOWA,2024,49663030.0,65230.0
JACKSON,2011,42148564.0,67949.0
JACKSON,2012,38977829.0,70091.0
JACKSON,2013,38079508.0,69436.0
JACKSON,2014,46076976.0,84615.0
JACKSON,2015,51866947.0,85337.0
JACKSON,2016,28929599.0,74106.0
JACKSON,2017,56806715.0,86591.0
JACKSON,2018,65975870.0,107396.0
JACKSON,2019,70737988.0,92544.0
JACKSON,2020,66492333.0,81310.0
JACKSON,2021,75459524.0,101558.0
JACKSON,2022,78789043.0,106184.0
JACKSON,2023,81941281.0,108541.0
JACKSON,2024,82905331.0,99456.0
JASPER,2011,76842593.0,117356.0
JASPER,2012,74611612.0,120552.0
JASPER,2013,78374422.0,124907.0
JASPER,2014,104146445.0,179491.0
JASPER,2015,102713628.0,162802.0
JASPER,2016,57667044.0,141742.0
JASPER,2017,94965368.0,157517.0
JASPER,2018,119924053.0,198806.0
JASPER,2019,125064912.0,171582.0
JASPER,2020,122530812.0,156396.0
JASPER,2021,144439494.0,199269.0
JASPER,2022,152210043.0,210693.0
JASPER,2023,156818928.0,214201.0
JASPER,2024,147945282.0,191978.0
JEFFERSON,2011,38589472.0,61501.0
JEFFERSON,2012,34508247.0,59815.0
JEFFERSON,2013,36101891.0,60897.0
JEFFERSON,2014,49045756.0,84032.0
JEFFERSON,2015,55298817.0,86883.0
JEFFERSON,2016,30004410.0,76264.0
JEFFERSON,2017,50930134.0,84026.0
JEFFERSON,2018,59958238.0,105194.0
JEFFERSON,2019,61895354.0,89144.0
JEFFERSON,2020,59302355.0,81070.0
JEFFERSON,2021,68399662.0,103489.0
JEFFERSON,2022,70421138.0,105278.0
JEFFERSON,2023,71692210.0,106575.0
JEFFERSON,2024,68641607.0,98144.0
JOHNSON,2011,195479934.0,292310.0
JOHNSON,2012,185099175.0,285517.0
JOHNSON,2013,192723311.0,300189.0
JOHNSON,2014,228040236.0,389552.0
JOHNSON,2015,264519926.0,411054.0
JOHNSON,2016,156235584.0,370609.0
JOHNSON,2017,260157180.0,431193.0
JOHNSON,2018,308101044.0,544191.0
JOHNSON,2019,337931551.0,479302.0
JOHNSON,2020,330533020.0,448248.0
JOHNSON,2021,387170525.0,579604.0
JOHNSON,2022,415930256.0,618485.0
JOHNSON,2023,442256261.0,639061.0
JOHNSON,2024,463345119.0,606851.0
JONES,2011,37044282.0,56107.0
JONES,2012,35011826.0,55056.0
JONES,2013,34044940.0,55512.0
JONES,2014,40015554.0,67349.0
JONES,2015,48034452.0,74124.0
JONES,2016,26632923.0,66454.0
JONES,2017,47605630.0,76982.0
JONES,2018,55859752.0,96534.0
JONES,2019,61126098.0,83982.0
JONES,2020,58915656.0,77594.0
JONES,2021,66546248.0,98890.0
JONES,2022,68783542.0,102488.0
JONES,2023,67779652.0,102456.0
JONES,2024,64540828.0,90288.0
KEOKUK,2011,23923853.0,35923.0
KEOKUK,2012,22299011.0,36831.0
KEOKUK,2013,24228907.0,36531.0
KEOKUK,2014,27037567.0,46411.0
KEOKUK,2015,28472389.0,45990.0
KEOKUK,2016,15551397.0,40240.0
KEOKUK,2017,29832667.0,46599.0
KEOKUK,2018,35583384.0,60964.0
KEOKUK,2019,38640381.0,52379.0
KEOKUK,2020,36100696.0,47360.0
KEOKUK,2021,41340752.0,59576.0
KEOKUK,2022,41920507.0,62297.0
KEOKUK,2023,43772495.0,63270.0
KEOKUK,2024,40735898.0,57384.0
KOSSUTH,2011,33324384.0,41958.0
KOSSUTH,2012,31838101.0,39221.0
KOSSUTH,2013,30151653.0,38624.0
KOSSUTH,2014,34061649.0,45642.0
KOSSUTH,2015,37908296.0,46600.0
KOSSUTH,2016,20757286.0,40270.0
KOSSUTH,2017,33380143.0,48288.0
KOSSUTH,2018,41420188.0,61328.0
KOSSUTH,2019,43891420.0,55638.0
KOSSUTH,2020,42019382.0,50562.0
KOSSUTH,2021,49055870.0,62928.0
KOSSUTH,2022,51454934.0,68948.0
KOSSUTH,2023,55050058.0,74044.0
KOSSUTH,2024,53378176.0,71329.0
LEE,2011,101220664.0,163708.0
LEE,2012,98470169.0,166180.0
LEE,2013,96380087.0,167553.0
LEE,2014,118719182.0,205072.0
LEE,2015,130994111.0,207648.0
LEE,2016,71722605.0,175076.0
LEE,2017,119860929.0,200109.0
LEE,2018,144819127.0,244523.0
LEE,2019,155008969.0,212634.0
LEE,2020,145019239.0,193298.0
LEE,2021,168891950.0,242524.0
LEE,2022,172955272.0,251104.0
LEE,2023,177701354.0,252118.0
LEE,2024,172073430.0,232864.0
LINN,2011,457896050.0,702621.0
LINN,2012,413756625.0,664650.0
LINN,2013,426109235.0,682675.0
LINN,2014,544424634.0,900108.0
LINN,2015,639979582.0,1026955.0
LINN,2016,353140358.0,882866.0
LINN,2017,587115852.0,1003081.0
LINN,2018,721149201.0,1239847.0
LINN,2019,768406453.0,1084082.0
LINN,2020,739481985.0,996971.0
LINN,2021,856435374.0,1262752.0
LINN,2022,913498076.0,1350820.0
LINN,2023,980948441.0,1473282.0
LINN,2024,964040472.0,1467476.0
LOUISA,2011,22059055.0,44726.0
LOUISA,2012,23275248.0,43408.0
LOUISA,2013,19988317.0,41962.0
LOUISA,2014,22998854.0,48736.0
LOUISA,2015,28454101.0,49090.0
LOUISA,2016,15323771.0,44666.0
LOUISA,2017,28221542.0,49698.0
LOUISA,2018,33478254.0,63162.0
LOUISA,2019,35834004.0,52898.0
LOUISA,2020,32300852.0,45860.0
LOUISA,2021,38451664.0,58928.0
LOUISA,2022,39116528.0,62140.0
LOUISA,2023,40956538.0,63084.0
LOUISA,2024,41377401.0,59063.0
LUCAS,2011,26203431.0,42678.0
LUCAS,2012,25723874.0,42167.0
LUCAS,2013,24755087.0,40327.0
LUCAS,2014,27912947.0,46807.0
LUCAS,2015,32600616.0,47235.0
LUCAS,2016,16368534.0,39751.0
LUCAS,2017,28889386.0,47724.0
LUCAS,2018,34187738.0,58722.0
LUCAS,2019,35893898.0,50502.0
LUCAS,2020,33301530.0,45136.0
LUCAS,2021,39149316.0,57578.0
LUCAS,2022,40069260.0,60644.0
LUCAS,2023,40676270.0,62418.0
LUCAS,2024,40557478.0,58528.0
LYON,2011,14900774.0,24708.0
LYON,2012,14406837.0,22861.0
LYON,2013,14351870.0,24162.0
LYON,2014,14658698.0,27364.0
LYON,2015,16413691.0,29591.0
LYON,2016,11659982.0,25438.0
LYON,2017,17327956.0,31469.0
LYON,2018,22018448.0,41094.0
LYON,2019,21573266.0,35002.0
LYON,2020,22057512.0,32064.0
LYON,2021,25197918.0,40874.0
LYON,2022,26846818.0,44416.0
LYON,2023,29822145.0,47431.0
LYON,2024,27783576.0,45533.0
MADISON,2011,27280664.0,39984.0
MADISON,2012,26597585.0,38978.0
MADISON,2013,24691333.0,37959.0
MADISON,2014,27588737.0,47962.0
MADISON,2015,30255447.0,49742.0
MADISON,2016,17391452.0,43639.0
MADISON,2017,30903880.0,48286.0
MADISON,2018,37189948.0,62824.0
MADISON,2019,38902232.0,54708.0
MADISON,2020,37508196.0,49550.0
MADISON,2021,43701726.0,63728.0
MADISON,2022,46647210.0,68144.0
MADISON,2023,48416585.0,70296.0
MADISON,2024,44279586.0,63422.0
MAHASKA,2011,54707880.0,92147.0
MAHASKA,2012,48001629.0,89735.0
MAHASKA,2013,52670578.0,90639.0
MAHASKA,2014,61887934.0,108497.0
MAHASKA,2015,69656339.0,108340.0
MAHASKA,2016,36409564.0,93072.0
MAHASKA,2017,64607123.0,105218.0
MAHASKA,2018,77339568.0,130235.0
MAHASKA,2019,83959898.0,111178.0
MAHASKA,2020,77778938.0,98846.0
MAHASKA,2021,88807936.0,125711.0
MAHASKA,2022,91565976.0,131199.0
MAHASKA,2023,96257625.0,133232.0
MAHASKA,2024,95856543.0,122513.0
MARION,2011,58760226.0,88075.0
MARION,2012,56248794.0,87003.0
MARION,2013,55319954.0,88439.0
MARION,2014,61480394.0,106111.0
MARION,2015,71353046.0,110137.0
MARION,2016,42038737.0,96465.0
MARION,2017,73584561.0,114739.0
MARION,2018,88726752.0,143011.0
MARION,2019,95677190.0,122918.0
MARION,2020,93574442.0,111910.0
MARION,2021,106448836.0,141237.0
MARION,2022,115077065.0,147743.0
MARION,2023,118642012.0,151562.0
MARION,2024,114381793.0,139720.0
MARSHALL,2011,145082902.0,198429.0
MARSHALL,2012,136781331.0,197754.0
MARSHALL,2013,153928945.0,199027.0
MARSHALL,2014,174984626.0,233492.0
MARSHALL,2015,195684665.0,244420.0
MARSHALL,2016,129856943.0,204631.0
MARSHALL,2017,192659653.0,233964.0
MARSHALL,2018,210628680.0,287697.0
MARSHALL,2019,216055309.0,244122.0
MARSHALL,2020,203153635.0,218204.0
MARSHALL,2021,220983643.0,276715.0
MARSHALL,2022,216983361.0,292997.0
MARSHALL,2023,223820790.0,305685.0
MARSHALL,2024,230002819.0,287456.0
MILLS,2011,181968961.0,51126.0
MILLS,2012,142224378.0,52424.0
MILLS,2013,227448905.0,52194.0
MILLS,2014,204031871.0,58771.0
MILLS,2015,194996226.0,58663.0
MILLS,2016,90607856.0,50712.0
MILLS,2017,65511017.0,62038.0
MILLS,2018,89903326.0,75083.0
MILLS,2019,76554507.0,65929.0
MILLS,2020,69076376.0,58686.0
MILLS,2021,75102156.0,71510.0
MILLS,2022,75770432.0,74912.0
MILLS,2023,72318446.0,76320.0
MILLS,2024,60028008.0,71670.0
MITCHELL,2011,17892195.0,23846.0
MITCHELL,2012,16983033.0,24501.0
MITCHELL,2013,16356195.0,25210.0
MITCHELL,2014,18636408.0,29446.0
MITCHELL,2015,21440234.0,31253.0
MITCHELL,2016,12386097.0,26906.0
MITCHELL,2017,22723016.0,33339.0
MITCHELL,2018,28159070.0,41480.0
MITCHELL,2019,28368521.0,35581.0
MITCHELL,2020,25958464.0,31781.0
MITCHELL,2021,30195227.0,41536.0
MITCHELL,2022,32010393.0,43387.0
MITCHELL,2023,32757802.0,45264.0
MITCHELL,2024,31615888.0,42458.0
MONONA,2011,23157944.0,33882.0
MONONA,2012,23580168.0,33677.0
MONONA,2013,21567213.0,33229.0
MONONA,2014,24274011.0,39525.0
MONONA,2015,28694856.0,42907.0
MONONA,2016,16059482.0,36913.0
MONONA,2017,25602408.0,44894.0
MONONA,2018,31927398.0,56592.0
MONONA,2019,34187230.0,49580.0
MONONA,2020,33521758.0,46128.0
MONONA,2021,36785630.0,55954.0
MONONA,2022,38273734.0,57740.0
MONONA,2023,40112044.0,58636.0
MONONA,2024,39169482.0,54724.0
MONROE,2011,19964815.0,28765.0
MONROE,2012,18651040.0,27922.0
MONROE,2013,18876041.0,26817.0
MONROE,2014,22186150.0,33182.0
MONROE,2015,26303383.0,35808.0
MONROE,2016,13422053.0,30599.0
MONROE,2017,22303676.0,35273.0
MONROE,2018,26394838.0,44436.0
MONROE,2019,26248824.0,37886.0
MONROE,2020,25572752.0,35055.0
MONROE,2021,28978642.0,43804.0
MONROE,2022,29441821.0,44628.0
MONROE,2023,31049566.0,44966.0
MONROE,2024,30362946.0,40503.0
MONTGOMERY,2011,32880042.0,52613.0
MONTGOMERY,2012,31276213.0,51712.0
MONTGOMERY,2013,33166114.0,53355.0
MONTGOMERY,2014,41089062.0,62340.0
MONTGOMERY,2015,43360875.0,59523.0
MONTGOMERY,2016,23022201.0,50838.0
MONTGOMERY,2017,36248435.0,60272.0
MONTGOMERY,2018,47139731.0,76327.0
MONTGOMERY,2019,47903122.0,67771.0
MONTGOMERY,2020,44119573.0,59840.0
MONTGOMERY,2021,49988797.0,74271.0
MONTGOMERY,2022,51276679.0,76869.0
MONTGOMERY,2023,53676058.0,78484.0
MONTGOMERY,2024,51689142.0,73182.0
MUSCATINE,2011,102243401.0,193136.0
MUSCATINE,2012,97184452.0,193798.0
MUSCATINE,2013,98232969.0,199451.0
MUSCATINE,2014,121948529.0,246643.0
MUSCATINE,2015,131724897.0,248857.0
MUSCATINE,2016,73560046.0,209212.0
MUSCATINE,2017,130386163.0,236348.0
MUSCATINE,2018,155997923.0,288856.0
MUSCATINE,2019,164782691.0,248194.0
MUSCATINE,2020,157564848.0,224890.0
MUSCATINE,2021,180646848.0,277392.0
MUSCATINE,2022,188359499.0,290492.0
MUSCATINE,2023,193806728.0,294227.0
MUSCATINE,2024,194372318.0,268631.0
O BRIEN,2011,41865003.0,45557.0
O BRIEN,2012,44510065.0,42587.0
O BRIEN,2013,44522436.0,41989.0
O BRIEN,2014,44823211.0,48867.0
O BRIEN,2015,50455577.0,52864.0
O BRIEN,2016,28139835.0,45140.0
O BRIEN,2017,43305193.0,53509.0
O BRIEN,2018,55793504.0,68533.0
O BRIEN,2019,58156888.0,58914.0
O BRIEN,2020,51766754.0,52968.0
O BRIEN,2021,58105642.0,68522.0
O BRIEN,2022,62723808.0,74472.0
O BRIEN,2023,66660040.0,76762.0
O BRIEN,2024,64721542.0,72736.0
OSCEOLA,2011,10030116.0,14297.0
OSCEOLA,2012,9069282.0,14776.0
OSCEOLA,2013,10415210.0,16106.0
OSCEOLA,2014,13015498.0,20164.0
OSCEOLA,2015,12850317.0,20670.0
OSCEOLA,2016,6653579.0,17436.0
OSCEOLA,2017,12187411.0,22121.0
OSCEOLA,2018,15358502.0,28378.0
OSCEOLA,2019,15815180.0,23870.0
OSCEOLA,2020,15835546.0,22094.0
OSCEOLA,2021,18669350.0,28136.0
OSCEOLA,2022,18818892.0,29276.0
OSCEOLA,2023,18539822.0,30014.0
OSCEOLA,2024,18115358.0,26194.0
PAGE,2011,50457194.0,67961.0
PAGE,2012,42038869.0,65196.0
PAGE,2013,42836525.0,64186.0
PAGE,2014,49097373.0,74267.0
PAGE,2015,51913819.0,74569.0
PAGE,2016,29785326.0,67043.0
PAGE,2017,49327491.0,79402.0
PAGE,2018,61927964.0,98597.0
PAGE,2019,62431006.0,86185.0
PAGE,2020,58729458.0,78230.0
PAGE,2021,67176490.0,96653.0
PAGE,2022,70172736.0,98431.0
PAGE,2023,71517028.0,99269.0
PAGE,2024,77810389.0,92450.0
PALO ALTO,2011,25079862.0,29271.0
PALO ALTO,2012,24054860.0,28937.0
PALO ALTO,2013,25179541.0,28989.0
PALO ALTO,2014,28500374.0,34833.0
PALO ALTO,2015,29516831.0,36019.0
PALO ALTO,2016,17357162.0,31545.0
PALO ALTO,2017,28755294.0,36840.0
PALO ALTO,2018,35033730.0,47030.0
PALO ALTO,2019,36590068.0,40704.0
PALO ALTO,2020,34023206.0,36512.0
PALO ALTO,2021,38499230.0,46064.0
PALO ALTO,2022,39497472.0,47774.0
PALO ALTO,2023,41217524.0,49002.0
PALO ALTO,2024,38782150.0,46404.0
PLYMOUTH,2011,42545854.0,58338.0
PLYMOUTH,2012,39112379.0,55025.0
PLYMOUTH,2013,37796765.0,55784.0
PLYMOUTH,2014,42678109.0,67200.0
PLYMOUTH,2015,48911195.0,72332.0
PLYMOUTH,2016,28562294.0,65122.0
PLYMOUTH,2017,47810372.0,79461.0
PLYMOUTH,2018,59145510.0,99845.0
PLYMOUTH,2019,62638593.0,86196.0
PLYMOUTH,2020,58397277.0,78114.0
PLYMOUTH,2021,69549441.0,102434.0
PLYMOUTH,2022,76163249.0,112057.0
PLYMOUTH,2023,78071459.0,118581.0
PLYMOUTH,2024,77563309.0,110242.0
POCAHONTAS,2011,18477701.0,25784.0
POCAHONTAS,2012,15064685.0,25281.0
POCAHONTAS,2013,14859546.0,25840.0
POCAHONTAS,2014,16833445.0,30929.0
POCAHONTAS,2015,18575146.0,30642.0
POCAHONTAS,2016,9788164.0,26943.0
POCAHONTAS,2017,16736338.0,32900.0
POCAHONTAS,2018,22796361.0,40899.0
POCAHONTAS,2019,23231264.0,34014.0
POCAHONTAS,2020,22100458.0,30042.0
POCAHONTAS,2021,25122572.0,38862.0
POCAHONTAS,2022,26707384.0,42206.0
POCAHONTAS,2023,27882540.0,43948.0
POCAHONTAS,2024,29164340.0,41872.0
POLK,2011,1010367797.0,1609711.0
POLK,2012,943767314.0,1624687.0
POLK,2013,997285209.0,1694014.0
POLK,2014,1250236554.0,2221573.0
POLK,2015,1415545187.0,2403006.0
POLK,2016,779709663.0,2027369.0
POLK,2017,1341606432.0,2373571.0
POLK,2018,1623263011.0,2877308.0
POLK,2019,1727703174.0,2519889.0
POLK,2020,1676585612.0,2314047.0
POLK,2021,1967763438.0,2940824.0
POLK,2022,2092359319.0,3142555.0
POLK,2023,2204543782.0,3289968.0
POLK,2024,2149383028.0,3139645.0
POTTAWATTAMIE,2011,273439601.0,421877.0
POTTAWATTAMIE,2012,248325647.0,416709.0
POTTAWATTAMIE,2013,261914306.0,425248.0
POTTAWATTAMIE,2014,325098294.0,535559.0
POTTAWATTAMIE,2015,382158459.0,588731.0
POTTAWATTAMIE,2016,211230691.0,506864.0
POTTAWATTAMIE,2017,325862131.0,563208.0
POTTAWATTAMIE,2018,399340206.0,685247.0
POTTAWATTAMIE,2019,432460317.0,604062.0
POTTAWATTAMIE,2020,413004471.0,550074.0
POTTAWATTAMIE,2021,465150534.0,676839.0
POTTAWATTAMIE,2022,482955725.0,701276.0
POTTAWATTAMIE,2023,569628727.0,813360.0
POTTAWATTAMIE,2024,742472650.0,903951.0
POWESHIEK,2011,32778275.0,53437.0
POWESHIEK,2012,31290935.0,51528.0
POWESHIEK,2013,30183898.0,49604.0
POWESHIEK,2014,33903092.0,59613.0
POWESHIEK,2015,37019002.0,61827.0
POWESHIEK,2016,20989236.0,57352.0
POWESHIEK,2017,37957232.0,63992.0
POWESHIEK,2018,49021258.0,81706.0
POWESHIEK,2019,47912108.0,67528.0
POWESHIEK,2020,45021116.0,59772.0
POWESHIEK,2021,53269622.0,77972.0
POWESHIEK,2022,55663654.0,83076.0
POWESHIEK,2023,58145851.0,85493.0
POWESHIEK,2024,54385486.0,78436.0
RINGGOLD,2011,14738682.0,17951.0
RINGGOLD,2012,14646887.0,18294.0
RINGGOLD,2013,14737295.0,18686.0
RINGGOLD,2014,17350221.0,22840.0
RINGGOLD,2015,18776252.0,23056.0
RINGGOLD,2016,11176338.0,19616.0
RINGGOLD,2017,17221434.0,22318.0
RINGGOLD,2018,19691556.0,26420.0
RINGGOLD,2019,20348936.0,21936.0
RINGGOLD,2020,20266394.0,20256.0
RINGGOLD,2021,22894128.0,26258.0
RINGGOLD,2022,23192868.0,27608.0
RINGGOLD,2023,24938280.0,28656.0
RINGGOLD,2024,25103910.0,26574.0
SAC,2011,20519253.0,28696.0
SAC,2012,20447824.0,29122.0
SAC,2013,19298299.0,27863.0
SAC,2014,23026795.0,32557.0
SAC,2015,25044217.0,34665.0
SAC,2016,14704393.0,30915.0
SAC,2017,22371659.0,36644.0
SAC,2018,27565976.0,45750.0
SAC,2019,27664386.0,39452.0
SAC,2020,25905676.0,34824.0
SAC,2021,29220382.0,43748.0
SAC,2022,30914186.0,46826.0
SAC,2023,32965792.0,49486.0
SAC,2024,37461824.0,48930.0
SCOTT,2011,365238839.0,694066.0
SCOTT,2012,338769143.0,686990.0
SCOTT,2013,364272817.0,702848.0
SCOTT,2014,469378707.0,881896.0
SCOTT,2015,529368088.0,948921.0
SCOTT,2016,284727458.0,793589.0
SCOTT,2017,498974334.0,929139.0
SCOTT,2018,633344022.0,1108140.0
SCOTT,2019,658176368.0,976038.0
SCOTT,2020,626047330.0,906204.0
SCOTT,2021,720909723.0,1130099.0
SCOTT,2022,770388984.0,1199336.0
SCOTT,2023,828433384.0,1312525.0
SCOTT,2024,819876142.0,1314429.0
SHELBY,2011,32113914.0,37184.0
SHELBY,2012,30120353.0,37142.0
SHELBY,2013,31735620.0,35853.0
SHELBY,2014,34505781.0,41381.0
SHELBY,2015,38315749.0,41769.0
SHELBY,2016,22598655.0,37804.0
SHELBY,2017,33804370.0,44302.0
SHELBY,2018,40505566.0,56990.0
SHELBY,2019,42655540.0,50530.0
SHELBY,2020,41301924.0,46348.0
SHELBY,2021,46311144.0,58098.0
SHELBY,2022,48742648.0,62822.0
SHELBY,2023,48986040.0,64252.0
SHELBY,2024,49681984.0,59460.0
SIOUX,2011,51778686.0,76135.0
SIOUX,2012,50782572.0,73033.0
SIOUX,2013,55070902.0,76327.0
SIOUX,2014,64290367.0,88605.0
SIOUX,2015,70793353.0,91215.0
SIOUX,2016,42071372.0,77252.0
SIOUX,2017,64757407.0,94753.0
SIOUX,2018,77232928.0,119843.0
SIOUX,2019,75651300.0,100241.0
SIOUX,2020,74911835.0,92868.0
SIOUX,2021,86074748.0,120980.0
SIOUX,2022,91368989.0,136124.0
SIOUX,2023,94782016.0,143466.0
SIOUX,2024,91272348.0,134090.0
STORY,2011,119863299.0,182290.0
STORY,2012,111099692.0,176436.0
STORY,2013,116936547.0,174096.0
STORY,2014,137982456.0,213038.0
STORY,2015,153003756.0,216921.0
STORY,2016,82139515.0,191683.0
STORY,2017,138112128.0,218528.0
STORY,2018,171594919.0,277023.0
STORY,2019,172173651.0,231570.0
STORY,2020,164535274.0,214599.0
STORY,2021,197813066.0,284364.0
STORY,2022,214877118.0,308882.0
STORY,2023,224165590.0,322927.0
STORY,2024,222174883.0,302663.0
TAMA,2011,31107817.0,59625.0
TAMA,2012,30032371.0,59358.0
TAMA,2013,28586723.0,63958.0
TAMA,2014,36691069.0,78011.0
TAMA,2015,39189283.0,77564.0
TAMA,2016,24701405.0,71969.0
TAMA,2017,44744379.0,80302.0
TAMA,2018,57150438.0,100334.0
TAMA,2019,59482050.0,89078.0
TAMA,2020,56015163.0,82558.0
TAMA,2021,65062816.0,104584.0
TAMA,2022,73852893.0,110663.0
TAMA,2023,71250244.0,111958.0
TAMA,2024,65483871.0,102480.0
TAYLOR,2011,16636517.0,23010.0
TAYLOR,2012,16009107.0,21940.0
TAYLOR,2013,15102236.0,22611.0
TAYLOR,2014,15719346.0,27700.0
TAYLOR,2015,16687646.0,29523.0
TAYLOR,2016,10750415.0,25065.0
TAYLOR,2017,16057621.0,27288.0
TAYLOR,2018,19041551.0,35978.0
TAYLOR,2019,19923698.0,30362.0
TAYLOR,2020,18787316.0,27260.0
TAYLOR,2021,21468266.0,34518.0
TAYLOR,2022,22771912.0,37220.0
TAYLOR,2023,23640148.0,38426.0
TAYLOR,2024,21676816.0,35406.0
UNION,2011,34961438.0,53488.0
UNION,2012,33863240.0,51998.0
UNION,2013,35139554.0,52522.0
UNION,2014,41414454.0,61771.0
UNION,2015,43617419.0,63424.0
UNION,2016,23241882.0,56205.0
UNION,2017,42822083.0,66869.0
UNION,2018,51795121.0,84609.0
UNION,2019,54305300.0,73310.0
UNION,2020,51031474.0,64404.0
UNION,2021,60271188.0,81989.0
UNION,2022,64078688.0,86416.0
UNION,2023,68232260.0,89176.0
UNION,2024,65292080.0,83264.0
VAN BUREN,2011,14533076.0,27273.0
VAN BUREN,2012,13004982.0,26541.0
VAN BUREN,2013,12007929.0,26232.0
VAN BUREN,2014,17656841.0,32269.0
VAN BUREN,2015,19378615.0,33767.0
VAN BUREN,2016,11509979.0,28230.0
VAN BUREN,2017,19065206.0,31704.0
VAN BUREN,2018,22186044.0,39472.0
VAN BUREN,2019,24240838.0,33890.0
VAN BUREN,2020,22736658.0,30868.0
VAN BUREN,2021,26900594.0,39430.0
VAN BUREN,2022,27934436.0,42264.0
VAN BUREN,2023,28789858.0,43290.0
VAN BUREN,2024,27837156.0,40564.0
WAPELLO,2011,115557374.0,198039.0
WAPELLO,2012,110856633.0,197179.0
WAPELLO,2013,114273749.0,197202.0
WAPELLO,2014,132796657.0,238988.0
WAPELLO,2015,144401936.0,241254.0
WAPELLO,2016,79189502.0,208323.0
WAPELLO,2017,147340642.0,239956.0
WAPELLO,2018,170074750.0,299168.0
WAPELLO,2019,180203536.0,255691.0
WAPELLO,2020,170873151.0,230548.0
WAPELLO,2021,195094683.0,289550.0
WAPELLO,2022,204185199.0,306451.0
WAPELLO,2023,210938800.0,314778.0
WAPELLO,2024,198225122.0,294235.0
WARREN,2011,75053062.0,105995.0
WARREN,2012,70508449.0,104794.0
WARREN,2013,75876010.0,107799.0
WARREN,2014,83362731.0,131765.0
WARREN,2015,91343608.0,137150.0
WARREN,2016,53265108.0,121435.0
WARREN,2017,94307056.0,142495.0
WARREN,2018,110014598.0,183666.0
WARREN,2019,117705818.0,159252.0
WARREN,2020,111422671.0,144298.0
WARREN,2021,130420550.0,189114.0
WARREN,2022,141886256.0,203558.0
WARREN,2023,149571068.0,211810.0
WARREN,2024,153780677.0,199241.0
WASHINGTON,2011,51703508.0,69600.0
WASHINGTON,2012,54414897.0,70738.0
WASHINGTON,2013,53419816.0,71013.0
WASHINGTON,2014,59773407.0,87250.0
WASHINGTON,2015,61538912.0,88815.0
WASHINGTON,2016,35044366.0,77616.0
WASHINGTON,2017,60399909.0,89704.0
WASHINGTON,2018,72811802.0,111952.0
WASHINGTON,2019,74644425.0,95640.0
WASHINGTON,2020,71538274.0,88537.0
WASHINGTON,2021,82424029.0,113050.0
WASHINGTON,2022,86592744.0,121575.0
WASHINGTON,2023,88598325.0,123104.0
WASHINGTON,2024,83973716.0,111542.0
WAYNE,2011,17021926.0,25405.0
WAYNE,2012,16051548.0,24568.0
WAYNE,2013,15800841.0,24415.0
WAYNE,2014,19242303.0,29718.0
WAYNE,2015,21879060.0,29864.0
WAYNE,2016,12591475.0,26701.0
WAYNE,2017,19630300.0,32624.0
WAYNE,2018,22110549.0,39070.0
WAYNE,2019,23022030.0,31842.0
WAYNE,2020,22071180.0,28446.0
WAYNE,2021,25388102.0,36732.0
WAYNE,2022,26261070.0,38660.0
WAYNE,2023,27099578.0,39980.0
WAYNE,2024,27075066.0,38528.0
WEBSTER,2011,104500866.0,167877.0
WEBSTER,2012,96157993.0,169049.0
WEBSTER,2013,99212777.0,172280.0
WEBSTER,2014,121097617.0,213866.0
WEBSTER,2015,144532738.0,235729.0
WEBSTER,2016,80759826.0,202855.0
WEBSTER,2017,128746296.0,225186.0
WEBSTER,2018,158537936.0,271526.0
WEBSTER,2019,162977848.0,232487.0
WEBSTER,2020,152175109.0,206183.0
WEBSTER,2021,172419992.0,256293.0
WEBSTER,2022,177139817.0,263716.0
WEBSTER,2023,181810431.0,268105.0
WEBSTER,2024,171006230.0,248246.0
WINNEBAGO,2011,22891943.0,32442.0
WINNEBAGO,2012,21140245.0,31200.0
WINNEBAGO,2013,20777587.0,31050.0
WINNEBAGO,2014,23747237.0,36921.0
WINNEBAGO,2015,26297559.0,36965.0
WINNEBAGO,2016,15423876.0,34046.0
WINNEBAGO,2017,25577658.0,40398.0
WINNEBAGO,2018,31961142.0,50076.0
WINNEBAGO,2019,32838202.0,43228.0
WINNEBAGO,2020,29323298.0,38922.0
WINNEBAGO,2021,34696758.0,50840.0
WINNEBAGO,2022,37866374.0,53512.0
WINNEBAGO,2023,40409638.0,54962.0
WINNEBAGO,2024,40644682.0,51210.0
WINNESHIEK,2011,33114147.0,42647.0
WINNESHIEK,2012,31991177.0,39963.0
WINNESHIEK,2013,34998877.0,39792.0
WINNESHIEK,2014,42718820.0,50565.0
WINNESHIEK,2015,48892029.0,60767.0
WINNESHIEK,2016,25519783.0,50729.0
WINNESHIEK,2017,40474073.0,53984.0
WINNESHIEK,2018,47232938.0,65799.0
WINNESHIEK,2019,46404410.0,52817.0
WINNESHIEK,2020,43320966.0,46520.0
WINNESHIEK,2021,49170010.0,58242.0
WINNESHIEK,2022,49976750.0,61462.0
WINNESHIEK,2023,51505310.0,63422.0
WINNESHIEK,2024,51470846.0,58084.0
WOODBURY,2011,273119543.0,511029.0
WOODBURY,2012,252904160.0,501139.0
WOODBURY,2013,264165484.0,511664.0
WOODBURY,2014,315107992.0,605545.0
WOODBURY,2015,378565391.0,665671.0
WOODBURY,2016,225215489.0,572042.0
WOODBURY,2017,344359036.0,656616.0
WOODBURY,2018,433134594.0,790376.0
WOODBURY,2019,443595789.0,698616.0
WOODBURY,2020,426592832.0,646776.0
WOODBURY,2021,492417276.0,810567.0
WOODBURY,2022,518074376.0,854364.0
WOODBURY,2023,535103023.0,870605.0
WOODBURY,2024,517591300.0,825449.0
WORTH,2011,11338910.0,20578.0
WORTH,2012,9658674.0,20468.0
WORTH,2013,9134917.0,21081.0
WORTH,2014,11287943.0,25452.0
WORTH,2015,13454584.0,24978.0
WORTH,2016,8501156.0,23336.0
WORTH,2017,14263230.0,27832.0
WORTH,2018,18341296.0,35446.0
WORTH,2019,19629150.0,30252.0
WORTH,2020,18907918.0,27679.0
WORTH,2021,22297066.0,34912.0
WORTH,2022,23166382.0,37348.0
WORTH,2023,24223666.0,38556.0
WORTH,2024,22541348.0,36504.0
WRIGHT,2011,26878358.0,44346.0
WRIGHT,2012,30939601.0,50011.0
WRIGHT,2013,29582900.0,49399.0
WRIGHT,2014,35912394.0,57611.0
WRIGHT,2015,41877179.0,57924.0
WRIGHT,2016,23722939.0,50051.0
WRIGHT,2017,35639624.0,62019.0
WRIGHT,2018,44522486.0,78722.0
WRIGHT,2019,46920915.0,67056.0
WRIGHT,2020,42695040.0,59088.0
WRIGHT,2021,52872342.0,83446.0
WRIGHT,2022,69755706.0,112778.0
WRIGHT,2023,86736658.0,130702.0
WRIGHT,2024,131426897.0,133988.0
